timestamp,motion_score,temperature,humidity,occupancy,room_id
2026-02-28 20:14:45.577405,51,29.60571445127933,61.95981825434215,1,Room_1
2026-02-28 20:15:45.577405,60,26.774801263571895,53.37498258560773,1,Room_1
2026-02-28 20:16:45.577405,86,22.464668897345597,65.98528437324805,1,Room_1
2026-02-28 20:17:45.577405,99,23.142934543375524,59.526654188465585,1,Room_1
2026-02-28 20:18:45.577405,52,29.759278817295954,64.97327922401266,1,Room_1
2026-02-28 20:19:45.577405,37,22.006230126728113,69.76634677873653,1,Room_1
2026-02-28 20:20:45.577405,32,24.433937943676302,55.74269294896713,1,Room_1
2026-02-28 20:21:45.577405,88,24.329833121584336,58.35558684167138,1,Room_1
2026-02-28 20:22:45.577405,41,22.373325305708924,69.21266556524378,1,Room_1
2026-02-28 20:23:45.577405,14,25.64855987373629,63.55527884179041,0,Room_1
2026-02-28 20:24:45.577405,50,25.059695930137302,69.49692657420364,1,Room_1
2026-02-28 20:25:45.577405,2,28.879523253890564,60.40922615763339,0,Room_1
2026-02-28 20:26:45.577405,72,22.520412743882236,68.4665661176,1,Room_1
2026-02-28 20:27:45.577405,59,26.506305742764315,51.56249507619748,1,Room_1
2026-02-28 20:28:45.577405,89,22.781376912051073,60.52699079536471,1,Room_1
2026-02-28 20:29:45.577405,59,22.976305878758232,54.85530730333811,1,Room_1
2026-02-28 20:30:45.577405,46,23.386917228062178,51.73181822719722,1,Room_1
2026-02-28 20:31:45.577405,49,27.300178274831858,49.35133228268233,1,Room_1
2026-02-28 20:32:45.577405,5,23.66353330294551,57.03100983459974,0,Room_1
2026-02-28 20:33:45.577405,92,29.75667702211647,63.253984700833435,1,Room_1
2026-02-28 20:34:45.577405,33,25.161201888014517,67.79976597381383,1,Room_1
2026-02-28 20:35:45.577405,94,29.374993880184935,42.65477506155759,1,Room_1
2026-02-28 20:36:45.577405,86,26.16667408020659,68.83516073048048,1,Room_1
2026-02-28 20:37:45.577405,84,25.109418317515857,48.14047095321688,1,Room_1
2026-02-28 20:38:45.577405,52,26.694009325310788,68.95765921792415,1,Room_1
2026-02-28 20:39:45.577405,59,26.34156866526599,44.227726749242876,1,Room_1
2026-02-28 20:40:45.577405,14,23.32213551250402,40.46909220223582,0,Room_1
2026-02-28 20:41:45.577405,8,28.177958154373258,45.961470446025174,0,Room_1
2026-02-28 20:42:45.577405,87,22.112638581720674,45.96527212266415,1,Room_1
2026-02-28 20:43:45.577405,7,27.8320573443279,63.13811040057837,0,Room_1
2026-02-28 20:44:45.577405,4,29.410407028106793,59.532310765058334,0,Room_1
2026-02-28 20:45:45.577405,27,28.90482740700475,58.69894380482674,0,Room_1
2026-02-28 20:46:45.577405,33,22.76328093192329,51.12454756594799,1,Room_1
2026-02-28 20:47:45.577405,61,24.601466576213976,61.888185350141924,1,Room_1
2026-02-28 20:48:45.577405,85,29.097701940610612,54.16644775485848,1,Room_1
2026-02-28 20:49:45.577405,46,27.70595829778396,62.82355145850693,1,Room_1
2026-02-28 20:50:45.577405,89,23.887879357991647,47.68204968283972,1,Room_1
2026-02-28 20:51:45.577405,26,26.181862635055953,52.82623055075649,0,Room_1
2026-02-28 20:52:45.577405,41,25.514692014926162,46.051576070061884,1,Room_1
2026-02-28 20:53:45.577405,95,27.091283290110244,49.4306794322898,1,Room_1
2026-02-28 20:54:45.577405,95,27.56412869140902,44.17994363217627,1,Room_1
2026-02-28 20:55:45.577405,14,28.04440910834439,46.863944964748676,0,Room_1
2026-02-28 20:56:45.577405,31,26.790923731908286,60.84354799119114,1,Room_1
2026-02-28 20:57:45.577405,27,29.437581218740583,64.24361138693251,0,Room_1
2026-02-28 20:58:45.577405,56,22.843954078642163,53.69603711448731,1,Room_1
2026-02-28 20:59:45.577405,43,25.33207958296293,66.49840776756605,1,Room_1
2026-02-28 21:00:45.577405,91,24.8503827046158,67.20485324637262,1,Room_1
2026-02-28 21:01:45.577405,0,23.823481300335533,52.81323365878769,0,Room_1
2026-02-28 21:02:45.577405,76,28.885844666050748,40.20856391593572,1,Room_1
2026-02-28 21:03:45.577405,71,26.272715355003534,54.544899140769495,1,Room_1
2026-02-28 21:04:45.577405,96,22.958922938669463,50.12845514210884,1,Room_1
2026-02-28 21:05:45.577405,78,23.346328337383444,46.56292658719211,1,Room_1
2026-02-28 21:06:45.577405,87,27.62415167116142,50.90888807137882,1,Room_1
2026-02-28 21:07:45.577405,57,29.69957835953689,47.553468874760924,1,Room_1
2026-02-28 21:08:45.577405,1,27.698164719395535,44.442607898602,0,Room_1
2026-02-28 21:09:45.577405,55,22.29509557883626,58.286930019396905,1,Room_1
2026-02-28 21:10:45.577405,1,25.28829610654585,40.991521987016455,0,Room_1
2026-02-28 21:11:45.577405,95,29.26612708773323,47.186856720009175,1,Room_1
2026-02-28 21:12:45.577405,1,26.24747666653709,53.43349493719275,0,Room_1
2026-02-28 21:13:45.577405,69,23.936442172092004,60.16406642217636,1,Room_1
2026-02-28 21:14:45.577405,74,24.957235648491235,47.264798148322775,1,Room_1
2026-02-28 21:15:45.577405,37,24.942265061754025,58.96917491780738,1,Room_1
2026-02-28 21:16:45.577405,69,25.190595539556426,64.49295619658152,1,Room_1
2026-02-28 21:17:45.577405,15,28.682419964713905,49.623401949152075,0,Room_1
2026-02-28 21:18:45.577405,69,27.566502454327054,65.75076414441159,1,Room_1
2026-02-28 21:19:45.577405,58,23.761928380524388,61.33448597314053,1,Room_1
2026-02-28 21:20:45.577405,18,24.789327898333834,42.88529653274262,0,Room_1
2026-02-28 21:21:45.577405,32,25.180576168700178,55.5325405158244,1,Room_1
2026-02-28 21:22:45.577405,0,27.405520936314247,62.05648357722316,0,Room_1
2026-02-28 21:23:45.577405,49,29.397548946228504,66.32018060142943,1,Room_1
2026-02-28 21:24:45.577405,98,23.828400174378398,45.24864781287808,1,Room_1
2026-02-28 21:25:45.577405,59,24.086633398643272,69.88761099273773,1,Room_1
2026-02-28 21:26:45.577405,11,26.46634762885678,66.4790902956802,0,Room_1
2026-02-28 21:27:45.577405,8,24.230970820737454,61.010734899183134,0,Room_1
2026-02-28 21:28:45.577405,79,29.17688207962062,66.61259272795351,1,Room_1
2026-02-28 21:29:45.577405,32,27.1362531692343,42.52419894985147,1,Room_1
2026-02-28 21:30:45.577405,71,28.28272520891155,60.069647641426855,1,Room_1
2026-02-28 21:31:45.577405,98,24.978262132493946,68.20400327373335,1,Room_1
2026-02-28 21:32:45.577405,24,22.04049267076975,44.82424154252496,0,Room_1
2026-02-28 21:33:45.577405,81,25.884910028689813,53.45272428958742,1,Room_1
2026-02-28 21:34:45.577405,60,23.79415447568448,61.36537664042608,1,Room_1
2026-02-28 21:35:45.577405,32,25.951149721467477,45.364681276639864,1,Room_1
2026-02-28 21:36:45.577405,7,28.793787283953424,59.7283867690103,0,Room_1
2026-02-28 21:37:45.577405,32,26.340321844439195,55.264422305162796,1,Room_1
2026-02-28 21:38:45.577405,85,24.121618941453804,47.319689301372506,1,Room_1
2026-02-28 21:39:45.577405,37,29.83114286620007,54.602264588783655,1,Room_1
2026-02-28 21:40:45.577405,7,27.049109007978103,63.84433910624945,0,Room_1
2026-02-28 21:41:45.577405,29,27.16082689624452,60.067721789892985,0,Room_1
2026-02-28 21:42:45.577405,96,23.561943902384357,61.67356345784516,1,Room_1
2026-02-28 21:43:45.577405,18,26.576033593673465,63.056620429189266,0,Room_1
2026-02-28 21:44:45.577405,16,29.95640408637873,54.098335419728286,0,Room_1
2026-02-28 21:45:45.577405,45,29.318915121763588,51.10476100766333,1,Room_1
2026-02-28 21:46:45.577405,36,29.426548500701802,52.84552444951943,1,Room_1
2026-02-28 21:47:45.577405,52,26.578339753366706,69.40994751148136,1,Room_1
2026-02-28 21:48:45.577405,62,24.445576154297456,45.72733093451038,1,Room_1
2026-02-28 21:49:45.577405,32,24.53537604125022,45.084782400582775,1,Room_1
2026-02-28 21:50:45.577405,24,25.15753173447578,65.32639422178934,0,Room_1
2026-02-28 21:51:45.577405,66,26.560489360714918,42.915294813123054,1,Room_1
2026-02-28 21:52:45.577405,31,27.369148134592404,50.75940343888492,1,Room_1
2026-02-28 21:53:45.577405,26,24.36232470735151,49.67652292715802,0,Room_1
2026-02-28 21:54:45.577405,32,23.09297065153623,61.26732990730356,1,Room_1
2026-02-28 21:55:45.577405,38,24.348734754115945,64.28083466435541,1,Room_1
2026-02-28 21:56:45.577405,98,24.049655548755666,58.34541132597042,1,Room_1
2026-02-28 21:57:45.577405,59,26.090739190887504,55.04548884061599,1,Room_1
2026-02-28 21:58:45.577405,44,23.554191628096337,42.12822750999783,1,Room_1
2026-02-28 21:59:45.577405,15,22.406148248315176,66.5985144685198,0,Room_1
2026-02-28 22:00:45.577405,14,25.00466362111955,42.81945819522607,0,Room_1
2026-02-28 22:01:45.577405,86,27.376209082361594,49.84458002424196,1,Room_1
2026-02-28 22:02:45.577405,57,26.34115707766061,48.59623756384853,1,Room_1
2026-02-28 22:03:45.577405,57,28.8832369464934,47.50754081547592,1,Room_1
2026-02-28 22:04:45.577405,41,28.580804485277266,50.80571924233789,1,Room_1
2026-02-28 22:05:45.577405,59,24.613209934368328,64.83607011362766,1,Room_1
2026-02-28 22:06:45.577405,59,23.726568219974745,58.68671427457001,1,Room_1
2026-02-28 22:07:45.577405,67,28.73618460009585,45.83140101984619,1,Room_1
2026-02-28 22:08:45.577405,93,26.32508097288085,59.1228970449462,1,Room_1
2026-02-28 22:09:45.577405,51,23.06196337794376,69.08610601342477,1,Room_1
2026-02-28 22:10:45.577405,29,22.328540134143005,51.96462704334384,0,Room_1
2026-02-28 22:11:45.577405,18,25.51177136564509,42.35369144026798,0,Room_1
2026-02-28 22:12:45.577405,89,29.7011873174234,65.07940361536618,1,Room_1
2026-02-28 22:13:45.577405,8,27.507999206122932,41.74580786525331,0,Room_1
2026-02-28 22:14:45.577405,0,25.538817837848836,47.1936207747221,0,Room_1
2026-02-28 22:15:45.577405,47,23.46292797685846,68.03841992019129,1,Room_1
2026-02-28 22:16:45.577405,0,29.63892224530555,62.13690750087305,0,Room_1
2026-02-28 22:17:45.577405,62,25.48538318942313,61.90117949685455,1,Room_1
2026-02-28 22:18:45.577405,66,23.981847916009258,50.679180359537845,1,Room_1
2026-02-28 22:19:45.577405,85,22.115147909038047,43.48217921520749,1,Room_1
2026-02-28 22:20:45.577405,68,22.753255906148482,49.34239928173883,1,Room_1
2026-02-28 22:21:45.577405,61,27.62926287504019,54.22521487261976,1,Room_1
2026-02-28 22:22:45.577405,89,28.10691538403129,64.20738931152339,1,Room_1
2026-02-28 22:23:45.577405,99,23.385614959280122,53.01554947713919,1,Room_1
2026-02-28 22:24:45.577405,22,22.38447139357627,68.47437194774157,0,Room_1
2026-02-28 22:25:45.577405,99,22.362432078176354,51.238378438794136,1,Room_1
2026-02-28 22:26:45.577405,18,26.0250900686407,65.69469523564968,0,Room_1
2026-02-28 22:27:45.577405,68,27.47171015518513,58.47553493169741,1,Room_1
2026-02-28 22:28:45.577405,79,27.139354225650525,40.79533931624866,1,Room_1
2026-02-28 22:29:45.577405,31,29.52184193139966,57.26422533627637,1,Room_1
2026-02-28 22:30:45.577405,49,26.586936333375466,43.855010597017305,1,Room_1
2026-02-28 22:31:45.577405,60,26.36493431452748,68.24394426329576,1,Room_1
2026-02-28 22:32:45.577405,66,28.563414750170146,59.544543155733635,1,Room_1
2026-02-28 22:33:45.577405,42,23.56632907831437,42.080839026254964,1,Room_1
2026-02-28 22:34:45.577405,94,25.01807266582381,41.16889396930701,1,Room_1
2026-02-28 22:35:45.577405,34,24.69243371910981,59.67167906142227,1,Room_1
2026-02-28 22:36:45.577405,92,28.759002487755637,40.698158072074776,1,Room_1
2026-02-28 22:37:45.577405,33,24.085556225887224,54.881123628802186,1,Room_1
2026-02-28 22:38:45.577405,57,27.573897322913204,58.86828540339652,1,Room_1
2026-02-28 22:39:45.577405,28,22.313490613405172,52.53838095146736,0,Room_1
2026-02-28 22:40:45.577405,35,23.41951635023778,62.51844254922575,1,Room_1
2026-02-28 22:41:45.577405,63,26.607396602064675,61.94943265898921,1,Room_1
2026-02-28 22:42:45.577405,35,24.976144686342266,63.29238882225991,1,Room_1
2026-02-28 22:43:45.577405,23,28.936932857677775,56.85600076431321,0,Room_1
2026-02-28 22:44:45.577405,11,25.431952219000145,62.52613203374492,0,Room_1
2026-02-28 22:45:45.577405,88,23.905889219231835,51.33186658528885,1,Room_1
2026-02-28 22:46:45.577405,61,25.97248952546462,51.688542586576105,1,Room_1
2026-02-28 22:47:45.577405,12,29.164185827969604,51.676050362024895,0,Room_1
2026-02-28 22:48:45.577405,11,29.668331975065588,65.41429432286769,0,Room_1
2026-02-28 22:49:45.577405,8,24.55450910072332,68.50185901152415,0,Room_1
2026-02-28 22:50:45.577405,51,26.58750310498629,58.95511636509398,1,Room_1
2026-02-28 22:51:45.577405,68,24.345686173584518,49.85993636109748,1,Room_1
2026-02-28 22:52:45.577405,84,28.01899623550144,63.74737131177545,1,Room_1
2026-02-28 22:53:45.577405,56,22.907716816139583,67.92787317061878,1,Room_1
2026-02-28 22:54:45.577405,57,22.460470080133156,56.485866469712064,1,Room_1
2026-02-28 22:55:45.577405,4,27.89628445432807,56.37747310494967,0,Room_1
2026-02-28 22:56:45.577405,74,22.936536131420848,44.28975046158507,1,Room_1
2026-02-28 22:57:45.577405,73,28.69571099389899,66.00606115932524,1,Room_1
2026-02-28 22:58:45.577405,6,25.408731800375527,46.677292527130916,0,Room_1
2026-02-28 22:59:45.577405,8,28.57488047432285,61.18726681469489,0,Room_1
2026-02-28 23:00:45.577405,4,26.10660934953914,46.99684217273583,0,Room_1
2026-02-28 23:01:45.577405,7,24.99416636604896,51.11926441200673,0,Room_1
2026-02-28 23:02:45.577405,16,29.57798861907087,69.58003191468613,0,Room_1
2026-02-28 23:03:45.577405,3,24.801745973602507,61.245435867496,0,Room_1
2026-02-28 23:04:45.577405,18,28.217175327419493,56.75212749207415,0,Room_1
2026-02-28 23:05:45.577405,90,23.989793235442303,49.907575870572956,1,Room_1
2026-02-28 23:06:45.577405,66,24.029457390985108,52.156062603442514,1,Room_1
2026-02-28 23:07:45.577405,57,27.927790887285347,63.015845593257154,1,Room_1
2026-02-28 23:08:45.577405,38,27.968359034123388,57.50106295291479,1,Room_1
2026-02-28 23:09:45.577405,61,25.201783142976197,54.33144672640683,1,Room_1
2026-02-28 23:10:45.577405,24,28.948793025515684,46.70787515558358,0,Room_1
2026-02-28 23:11:45.577405,5,28.416873992213873,69.33702006262813,0,Room_1
2026-02-28 23:12:45.577405,44,22.34527929560461,66.73429341094213,1,Room_1
2026-02-28 23:13:45.577405,84,29.943718368954404,42.213896942061965,1,Room_1
2026-02-28 23:14:45.577405,98,27.56328898485318,42.263036412693076,1,Room_1
2026-02-28 23:15:45.577405,46,27.0351891050821,60.87246066953851,1,Room_1
2026-02-28 23:16:45.577405,30,29.966651000234965,60.90775167591444,0,Room_1
2026-02-28 23:17:45.577405,2,29.209264083927913,41.363391410243736,0,Room_1
2026-02-28 23:18:45.577405,11,29.66961925926277,41.73591693273122,0,Room_1
2026-02-28 23:19:45.577405,75,22.854048527487073,50.0698019439089,1,Room_1
2026-02-28 23:20:45.577405,91,27.17478689334979,51.64805151969617,1,Room_1
2026-02-28 23:21:45.577405,59,26.669248894806977,42.332039108949544,1,Room_1
2026-02-28 23:22:45.577405,40,24.0795989028341,53.59722540486493,1,Room_1
2026-02-28 23:23:45.577405,62,26.288770930752964,49.28582848858983,1,Room_1
2026-02-28 23:24:45.577405,83,26.82225505618639,48.12872927545389,1,Room_1
2026-02-28 23:25:45.577405,12,29.28741747595074,64.67611728769506,0,Room_1
2026-02-28 23:26:45.577405,81,25.333112461907835,57.43487863542479,1,Room_1
2026-02-28 23:27:45.577405,24,25.34594429032495,67.9818545006204,0,Room_1
2026-02-28 23:28:45.577405,4,22.210935795978017,51.293901006341486,0,Room_1
2026-02-28 23:29:45.577405,64,25.842960654930838,69.55858151996513,1,Room_1
2026-02-28 23:30:45.577405,10,26.75304572281708,51.426725698930646,0,Room_1
2026-02-28 23:31:45.577405,85,28.633313765652115,57.07244407497243,1,Room_1
2026-02-28 23:32:45.577405,32,25.74954527835976,52.44458507012995,1,Room_1
2026-02-28 23:33:45.577405,0,22.10937571861598,42.26077181057387,0,Room_1
2026-02-28 23:34:45.577405,91,28.50320807304062,69.99153019858392,1,Room_1
2026-02-28 23:35:45.577405,2,26.44345364482102,63.06962245541531,0,Room_1
2026-02-28 23:36:45.577405,36,28.056649616339648,51.33551647827359,1,Room_1
2026-02-28 23:37:45.577405,84,25.60435308248075,43.87478245454485,1,Room_1
2026-02-28 23:38:45.577405,50,24.19785437620727,46.21682947024169,1,Room_1
2026-02-28 23:39:45.577405,64,27.373605475246855,58.543847213736875,1,Room_1
2026-02-28 23:40:45.577405,91,24.149379856202458,40.66554226090905,1,Room_1
2026-02-28 23:41:45.577405,33,25.809685574312113,64.94114470187503,1,Room_1
2026-02-28 23:42:45.577405,49,28.817452002548322,56.55720516323457,1,Room_1
2026-02-28 23:43:45.577405,4,22.707265786925174,63.75453518408899,0,Room_1
2026-02-28 23:44:45.577405,16,23.072121827605127,40.86348028940017,0,Room_1
2026-02-28 23:45:45.577405,78,28.277346111554476,59.18084070922727,1,Room_1
2026-02-28 23:46:45.577405,74,23.703713292071285,44.09114426760309,1,Room_1
2026-02-28 23:47:45.577405,97,24.804700470452776,57.69753060563899,1,Room_1
2026-02-28 23:48:45.577405,29,26.438524868337804,42.73006273153991,0,Room_1
2026-02-28 23:49:45.577405,97,24.786043736186404,55.419684674794325,1,Room_1
2026-02-28 23:50:45.577405,87,29.283770227226185,48.93878354625851,1,Room_1
2026-02-28 23:51:45.577405,50,27.581134971947705,63.89415327021632,1,Room_1
2026-02-28 23:52:45.577405,9,29.412701001291957,54.76348879238614,0,Room_1
2026-02-28 23:53:45.577405,83,25.67308604990609,69.40097725856431,1,Room_1
2026-02-28 23:54:45.577405,52,24.779307265803315,46.27392373235543,1,Room_1
2026-02-28 23:55:45.577405,42,23.921164950225545,42.27589984325992,1,Room_1
2026-02-28 23:56:45.577405,22,23.02436671166218,44.55708080536883,0,Room_1
2026-02-28 23:57:45.577405,15,27.12699795842572,45.45640253197435,0,Room_1
2026-02-28 23:58:45.577405,55,25.293289714860226,66.22952814563251,1,Room_1
2026-02-28 23:59:45.577405,26,27.340461908168216,45.169596136048895,0,Room_1
2026-03-01 00:00:45.577405,50,22.32694893013183,45.06805189216494,1,Room_1
2026-03-01 00:01:45.577405,91,24.780953715861468,40.95414044455495,1,Room_1
2026-03-01 00:02:45.577405,69,22.965086968804805,53.823363040981775,1,Room_1
2026-03-01 00:03:45.577405,89,29.153738103167406,43.86245194898932,1,Room_1
2026-03-01 00:04:45.577405,89,27.523158629034924,41.17936419523297,1,Room_1
2026-03-01 00:05:45.577405,46,27.023203115927263,42.45277095846616,1,Room_1
2026-03-01 00:06:45.577405,93,23.25582146172955,51.318578957262176,1,Room_1
2026-03-01 00:07:45.577405,80,24.21502118517763,64.18603839379185,1,Room_1
2026-03-01 00:08:45.577405,98,23.476168154851017,46.28047970010131,1,Room_1
2026-03-01 00:09:45.577405,55,25.87618388152817,58.54764314590888,1,Room_1
2026-03-01 00:10:45.577405,86,26.250126031788273,61.61548184174394,1,Room_1
2026-03-01 00:11:45.577405,25,22.29346562312478,47.57310833032062,0,Room_1
2026-03-01 00:12:45.577405,6,27.497324043226648,65.33322017900886,0,Room_1
2026-03-01 00:13:45.577405,17,25.579298934587637,55.9785179936507,0,Room_1
2026-03-01 00:14:45.577405,14,22.838953332259848,62.12215618281458,0,Room_1
2026-03-01 00:15:45.577405,27,22.16056958222181,49.66237496749535,0,Room_1
2026-03-01 00:16:45.577405,85,24.619978817423316,43.59286395457754,1,Room_1
2026-03-01 00:17:45.577405,16,24.743414914226083,54.21909824291669,0,Room_1
2026-03-01 00:18:45.577405,9,28.313369908858707,54.953265967871715,0,Room_1
2026-03-01 00:19:45.577405,99,26.296852334548383,57.60523354062637,1,Room_1
2026-03-01 00:20:45.577405,7,26.69228347728607,56.93375627567924,0,Room_1
2026-03-01 00:21:45.577405,41,24.270207246389795,50.892468891959055,1,Room_1
2026-03-01 00:22:45.577405,25,26.860441778348584,47.330594663939635,0,Room_1
2026-03-01 00:23:45.577405,58,29.89212199034384,58.173244580706616,1,Room_1
2026-03-01 00:24:45.577405,32,22.060274905072596,46.75998393137585,1,Room_1
2026-03-01 00:25:45.577405,69,23.967661827076064,44.82044119778667,1,Room_1
2026-03-01 00:26:45.577405,74,22.70310099632115,64.1759466022343,1,Room_1
2026-03-01 00:27:45.577405,23,29.1741233970114,42.40701236984927,0,Room_1
2026-03-01 00:28:45.577405,30,25.283174615917293,69.47135850725819,0,Room_1
2026-03-01 00:29:45.577405,94,29.172882103792166,57.279952534169794,1,Room_1
2026-03-01 00:30:45.577405,74,28.92405700715184,64.5121621284784,1,Room_1
2026-03-01 00:31:45.577405,93,23.367100699120527,60.05929659773293,1,Room_1
2026-03-01 00:32:45.577405,56,27.74765816669243,56.051101961347314,1,Room_1
2026-03-01 00:33:45.577405,25,24.23983274928227,63.084787995758106,0,Room_1
2026-03-01 00:34:45.577405,69,29.743952532033873,61.32857436510245,1,Room_1
2026-03-01 00:35:45.577405,83,26.06088302947564,47.27229197245241,1,Room_1
2026-03-01 00:36:45.577405,46,27.657840765155555,63.033385043285165,1,Room_1
2026-03-01 00:37:45.577405,37,26.649905771380897,44.63088145822607,1,Room_1
2026-03-01 00:38:45.577405,99,24.565137537276115,57.81649292673696,1,Room_1
2026-03-01 00:39:45.577405,5,24.692834225551366,44.03244030816923,0,Room_1
2026-03-01 00:40:45.577405,22,26.391375839111817,46.051913869907075,0,Room_1
2026-03-01 00:41:45.577405,39,28.478995566837078,47.63921964291291,1,Room_1
2026-03-01 00:42:45.577405,72,28.081822879117492,57.86916221823533,1,Room_1
2026-03-01 00:43:45.577405,23,26.84881504844671,63.82868349899387,0,Room_1
2026-03-01 00:44:45.577405,94,29.436233153982606,64.91858223363187,1,Room_1
2026-03-01 00:45:45.577405,49,22.994377787884357,61.92602425610933,1,Room_1
2026-03-01 00:46:45.577405,8,23.640014480425897,51.37685754891401,0,Room_1
2026-03-01 00:47:45.577405,0,27.928965194320472,57.234193395397355,0,Room_1
2026-03-01 00:48:45.577405,63,28.25211585401132,64.83822661532476,1,Room_1
2026-03-01 00:49:45.577405,13,28.396297047356125,64.75398030078392,0,Room_1
2026-03-01 00:50:45.577405,36,28.516597761851056,59.955916620886,1,Room_1
2026-03-01 00:51:45.577405,25,29.262929043700126,49.48589746889484,0,Room_1
2026-03-01 00:52:45.577405,41,25.139560859381085,64.49798318414732,1,Room_1
2026-03-01 00:53:45.577405,38,27.710259638842608,66.9900233587652,1,Room_1
2026-03-01 00:54:45.577405,37,26.318248495317064,53.16234026165017,1,Room_1
2026-03-01 00:55:45.577405,96,23.857701561174537,66.98723719823705,1,Room_1
2026-03-01 00:56:45.577405,65,26.34842288891191,67.19416332893641,1,Room_1
2026-03-01 00:57:45.577405,50,26.342794484907273,52.94584429409328,1,Room_1
2026-03-01 00:58:45.577405,66,27.02166442457134,50.047168439712586,1,Room_1
2026-03-01 00:59:45.577405,63,23.333846079947065,66.35887346120315,1,Room_1
2026-03-01 01:00:45.577405,32,26.267688735810573,66.81677749152873,1,Room_1
2026-03-01 01:01:45.577405,35,29.981540927390746,62.57209360116468,1,Room_1
2026-03-01 01:02:45.577405,26,27.951570340581416,41.00597304207338,0,Room_1
2026-03-01 01:03:45.577405,85,27.712512657788913,54.81944461392588,1,Room_1
2026-03-01 01:04:45.577405,73,24.73665398972726,64.63771914016039,1,Room_1
2026-03-01 01:05:45.577405,30,25.030572524455327,53.71000657845035,0,Room_1
2026-03-01 01:06:45.577405,51,25.178298324482938,63.91886097338661,1,Room_1
2026-03-01 01:07:45.577405,4,25.890859855964862,52.268655312564796,0,Room_1
2026-03-01 01:08:45.577405,44,27.760292292368597,59.23442898655892,1,Room_1
2026-03-01 01:09:45.577405,35,26.34179554678077,47.55397176720858,1,Room_1
2026-03-01 01:10:45.577405,68,28.614390622472627,68.77224383692084,1,Room_1
2026-03-01 01:11:45.577405,37,23.818807864239897,52.70790587261449,1,Room_1
2026-03-01 01:12:45.577405,89,29.57826671689452,44.6005420934824,1,Room_1
2026-03-01 01:13:45.577405,12,23.112929553144497,43.023838090476595,0,Room_1
2026-03-01 01:14:45.577405,96,22.144881470566723,66.16371726832455,1,Room_1
2026-03-01 01:15:45.577405,75,22.817701313801596,67.5625156678224,1,Room_1
2026-03-01 01:16:45.577405,4,29.379995049418365,61.217159029401955,0,Room_1
2026-03-01 01:17:45.577405,91,24.995482957763375,42.06764618101656,1,Room_1
2026-03-01 01:18:45.577405,50,27.891553884997784,68.03101044307044,1,Room_1
2026-03-01 01:19:45.577405,85,29.285489586045706,43.68432345537202,1,Room_1
2026-03-01 01:20:45.577405,20,23.324164082938317,45.58962638482362,0,Room_1
2026-03-01 01:21:45.577405,86,29.36673506093898,66.09689086186384,1,Room_1
2026-03-01 01:22:45.577405,54,23.819164967016903,58.23683181382776,1,Room_1
2026-03-01 01:23:45.577405,46,22.43809311057625,50.05591724937703,1,Room_1
2026-03-01 01:24:45.577405,51,28.30231910971594,58.111645951904165,1,Room_1
2026-03-01 01:25:45.577405,34,25.185349548727547,56.12186808813769,1,Room_1
2026-03-01 01:26:45.577405,74,29.38368185438788,53.971003669564396,1,Room_1
2026-03-01 01:27:45.577405,90,27.900009984877986,53.56653822669421,1,Room_1
2026-03-01 01:28:45.577405,42,22.262773361947506,67.38248388637386,1,Room_1
2026-03-01 01:29:45.577405,53,23.411095892049786,54.95103318218439,1,Room_1
2026-03-01 01:30:45.577405,69,22.27103328197276,49.34419513398272,1,Room_1
2026-03-01 01:31:45.577405,28,26.64470680222435,58.96792863758591,0,Room_1
2026-03-01 01:32:45.577405,27,23.70144627472981,55.45521047220438,0,Room_1
2026-03-01 01:33:45.577405,80,29.68856253975564,44.45988183259339,1,Room_1
2026-03-01 01:34:45.577405,85,22.68279734462915,69.90622755537842,1,Room_1
2026-03-01 01:35:45.577405,48,24.396767294131816,49.29810778805833,1,Room_1
2026-03-01 01:36:45.577405,93,27.999683763193424,46.29716779286757,1,Room_1
2026-03-01 01:37:45.577405,82,24.795095992394664,54.04695485324138,1,Room_1
2026-03-01 01:38:45.577405,48,22.29239734278476,54.16200835329998,1,Room_1
2026-03-01 01:39:45.577405,39,26.699628833872595,48.821340376629145,1,Room_1
2026-03-01 01:40:45.577405,46,26.221181841158288,56.03367673771741,1,Room_1
2026-03-01 01:41:45.577405,93,26.477122650465745,44.657207377921374,1,Room_1
2026-03-01 01:42:45.577405,0,24.67490249048386,42.26510091411668,0,Room_1
2026-03-01 01:43:45.577405,2,24.986474530238024,48.12234019430662,0,Room_1
2026-03-01 01:44:45.577405,33,25.269873368784772,40.761590669810346,1,Room_1
2026-03-01 01:45:45.577405,91,28.718310875652563,66.00981280034571,1,Room_1
2026-03-01 01:46:45.577405,7,22.216767940027868,46.659164857988486,0,Room_1
2026-03-01 01:47:45.577405,87,23.568904797547624,55.16523637318102,1,Room_1
2026-03-01 01:48:45.577405,71,22.83286865587659,63.99748256119568,1,Room_1
2026-03-01 01:49:45.577405,66,29.099683860108023,56.70164754350098,1,Room_1
2026-03-01 01:50:45.577405,7,22.79553114207476,47.29516572998362,0,Room_1
2026-03-01 01:51:45.577405,77,26.825579217415836,64.20550446887758,1,Room_1
2026-03-01 01:52:45.577405,15,25.17746823694764,60.042554097119385,0,Room_1
2026-03-01 01:53:45.577405,84,25.251138466188177,49.719701833203985,1,Room_1
2026-03-01 01:54:45.577405,81,22.104015388085887,42.56525592563404,1,Room_1
2026-03-01 01:55:45.577405,22,28.785024763735066,43.683306689881256,0,Room_1
2026-03-01 01:56:45.577405,18,26.664332487757537,52.642736517774935,0,Room_1
2026-03-01 01:57:45.577405,1,29.28499202832243,58.74283813129753,0,Room_1
2026-03-01 01:58:45.577405,10,24.07538746745034,51.390772245018006,0,Room_1
2026-03-01 01:59:45.577405,86,22.273824886564235,64.9196351969575,1,Room_1
2026-03-01 02:00:45.577405,36,25.275293217529924,56.5614154255594,1,Room_1
2026-03-01 02:01:45.577405,97,28.888544159797775,46.58531575242876,1,Room_1
2026-03-01 02:02:45.577405,85,28.238070198304246,43.427137777611904,1,Room_1
2026-03-01 02:03:45.577405,29,25.89944958599611,66.83656680682274,0,Room_1
2026-03-01 02:04:45.577405,95,25.401708035753867,40.67407924960352,1,Room_1
2026-03-01 02:05:45.577405,13,27.933495553829324,60.96537559482714,0,Room_1
2026-03-01 02:06:45.577405,24,24.06310148346562,44.18068222218472,0,Room_1
2026-03-01 02:07:45.577405,3,23.058209689002645,67.01716903709158,0,Room_1
2026-03-01 02:08:45.577405,97,24.17845861215495,40.551720296424,1,Room_1
2026-03-01 02:09:45.577405,17,26.237293429240648,64.45163285207371,0,Room_1
2026-03-01 02:10:45.577405,40,24.192441765497648,56.6253400754738,1,Room_1
2026-03-01 02:11:45.577405,24,25.979719151839124,61.606077448968875,0,Room_1
2026-03-01 02:12:45.577405,85,23.095085040550458,67.00055925544315,1,Room_1
2026-03-01 02:13:45.577405,5,27.857476627672497,47.521919816847934,0,Room_1
2026-03-01 02:14:45.577405,52,23.4029702289876,67.4323583777488,1,Room_1
2026-03-01 02:15:45.577405,25,25.235052012392195,63.12734131192811,0,Room_1
2026-03-01 02:16:45.577405,45,22.37572773420044,44.98850106268238,1,Room_1
2026-03-01 02:17:45.577405,64,22.66238934340101,58.09456328399165,1,Room_1
2026-03-01 02:18:45.577405,25,22.54599764283273,65.11236972109089,0,Room_1
2026-03-01 02:19:45.577405,10,24.84538173171959,61.571377155527365,0,Room_1
2026-03-01 02:20:45.577405,38,26.88323733606366,68.47920391173297,1,Room_1
2026-03-01 02:21:45.577405,54,27.309369322901183,68.10489217974273,1,Room_1
2026-03-01 02:22:45.577405,68,25.870039535459302,48.097336671765845,1,Room_1
2026-03-01 02:23:45.577405,19,23.296111023132678,65.2458898093013,0,Room_1
2026-03-01 02:24:45.577405,80,25.97092997760989,57.90528546750667,1,Room_1
2026-03-01 02:25:45.577405,97,26.986660407239924,54.22711926101109,1,Room_1
2026-03-01 02:26:45.577405,72,22.60110225388647,61.8456626861081,1,Room_1
2026-03-01 02:27:45.577405,88,27.639404397511626,57.94858174804464,1,Room_1
2026-03-01 02:28:45.577405,24,23.971216265912854,64.573069530226,0,Room_1
2026-03-01 02:29:45.577405,43,29.741595105656693,40.15761455675155,1,Room_1
2026-03-01 02:30:45.577405,11,24.887791175520213,42.747462199799024,0,Room_1
2026-03-01 02:31:45.577405,48,23.09454904735169,68.50712061462407,1,Room_1
2026-03-01 02:32:45.577405,54,26.170405339308555,42.601156355865506,1,Room_1
2026-03-01 02:33:45.577405,79,28.983566687011265,61.96674659228684,1,Room_1
2026-03-01 02:34:45.577405,20,28.0722867643108,61.72309987819416,0,Room_1
2026-03-01 02:35:45.577405,79,28.793565212522555,47.490040265775576,1,Room_1
2026-03-01 02:36:45.577405,88,27.173319352937305,60.79525634370774,1,Room_1
2026-03-01 02:37:45.577405,25,22.315414490948047,61.16725517547066,0,Room_1
2026-03-01 02:38:45.577405,70,29.99482799652668,56.67419744311539,1,Room_1
2026-03-01 02:39:45.577405,85,29.323906380704337,41.01837935757396,1,Room_1
2026-03-01 02:40:45.577405,6,24.378792058980405,67.73188586129591,0,Room_1
2026-03-01 02:41:45.577405,58,29.554131912907472,54.226426499723914,1,Room_1
2026-03-01 02:42:45.577405,93,22.4390609171718,53.654310551084684,1,Room_1
2026-03-01 02:43:45.577405,58,28.631323793205418,41.11022904146478,1,Room_1
2026-03-01 02:44:45.577405,30,24.917577995658448,56.82031582010542,0,Room_1
2026-03-01 02:45:45.577405,44,22.61562561303367,60.88866327634419,1,Room_1
2026-03-01 02:46:45.577405,39,25.52825729398529,52.13456349045552,1,Room_1
2026-03-01 02:47:45.577405,38,24.522322702644882,56.184738771260115,1,Room_1
2026-03-01 02:48:45.577405,92,27.293241400644334,62.13567300719575,1,Room_1
2026-03-01 02:49:45.577405,32,29.087821985889498,58.47589564546914,1,Room_1
2026-03-01 02:50:45.577405,65,22.195206252452305,66.1029662170279,1,Room_1
2026-03-01 02:51:45.577405,29,22.001900188607078,45.56418728730168,0,Room_1
2026-03-01 02:52:45.577405,17,29.51254158810317,63.963497073209965,0,Room_1
2026-03-01 02:53:45.577405,38,22.075883469027985,41.58051507931686,1,Room_1
2026-03-01 02:54:45.577405,92,22.300774185650088,54.393439805695145,1,Room_1
2026-03-01 02:55:45.577405,15,28.98941691349071,69.52250407597886,0,Room_1
2026-03-01 02:56:45.577405,9,22.733594680891443,50.09111391485266,0,Room_1
2026-03-01 02:57:45.577405,83,27.90065841271113,47.16331437304907,1,Room_1
2026-03-01 02:58:45.577405,2,25.73848613230122,48.910086293646465,0,Room_1
2026-03-01 02:59:45.577405,67,27.724426521873937,57.673256034126844,1,Room_1
2026-03-01 03:00:45.577405,47,22.142991477867312,69.63167169208094,1,Room_1
2026-03-01 03:01:45.577405,72,22.87574078943292,51.74890421621068,1,Room_1
2026-03-01 03:02:45.577405,67,23.74603110292051,68.49883551850675,1,Room_1
2026-03-01 03:03:45.577405,60,24.07186121281451,57.65662686919736,1,Room_1
2026-03-01 03:04:45.577405,38,29.032946460497318,68.3419606687423,1,Room_1
2026-03-01 03:05:45.577405,10,29.229791737402163,69.67554729440077,0,Room_1
2026-03-01 03:06:45.577405,70,29.929349009095812,46.950151041503304,1,Room_1
2026-03-01 03:07:45.577405,19,28.702605882265964,46.91707587415057,0,Room_1
2026-03-01 03:08:45.577405,73,22.375562857182505,51.522718344737484,1,Room_1
2026-03-01 03:09:45.577405,40,23.491506097154037,63.3875342070026,1,Room_1
2026-03-01 03:10:45.577405,5,28.406157497039,58.89333768988459,0,Room_1
2026-03-01 03:11:45.577405,86,29.070287079707406,67.83256849585639,1,Room_1
2026-03-01 03:12:45.577405,60,24.08186694361222,55.45743772944178,1,Room_1
2026-03-01 03:13:45.577405,81,27.568164944430336,44.61687719019565,1,Room_1
2026-03-01 03:14:45.577405,31,25.70704598572496,58.68812148805356,1,Room_1
2026-03-01 03:15:45.577405,88,26.743519478733624,57.402586235134336,1,Room_1
2026-03-01 03:16:45.577405,97,25.659456782189658,51.735092982411395,1,Room_1
2026-03-01 03:17:45.577405,91,25.813414626642945,41.331299905997106,1,Room_1
2026-03-01 03:18:45.577405,97,28.897020938123603,64.28548224174634,1,Room_1
2026-03-01 03:19:45.577405,39,29.45271590655192,62.05637963570358,1,Room_1
2026-03-01 03:20:45.577405,97,25.26762570456559,51.18065551036942,1,Room_1
2026-03-01 03:21:45.577405,71,27.565714342798003,41.463507450195195,1,Room_1
2026-03-01 03:22:45.577405,17,22.648369727261183,46.60549605849434,0,Room_1
2026-03-01 03:23:45.577405,76,29.15583944774454,69.74426005435144,1,Room_1
2026-03-01 03:24:45.577405,39,29.06325015309969,55.4823706133085,1,Room_1
2026-03-01 03:25:45.577405,57,26.570551535356593,59.86336030319694,1,Room_1
2026-03-01 03:26:45.577405,39,26.52585571196633,48.010848105082644,1,Room_1
2026-03-01 03:27:45.577405,5,26.170082497443317,66.04482412154641,0,Room_1
2026-03-01 03:28:45.577405,91,28.804653832753935,66.01882602879407,1,Room_1
2026-03-01 03:29:45.577405,40,24.672071029961902,47.16070093903053,1,Room_1
2026-03-01 03:30:45.577405,52,27.441126174082402,58.55834134645553,1,Room_1
2026-03-01 03:31:45.577405,37,23.513772318280047,66.44911398311051,1,Room_1
2026-03-01 03:32:45.577405,44,28.974748221961857,40.87741849103678,1,Room_1
2026-03-01 03:33:45.577405,22,22.04116136603772,64.59840752224301,0,Room_1
2026-03-01 03:34:45.577405,52,27.948066050332862,44.82279688144925,1,Room_1
2026-03-01 03:35:45.577405,99,26.449453880318057,62.699074113548036,1,Room_1
2026-03-01 03:36:45.577405,11,22.05108697373467,48.61114399524738,0,Room_1
2026-03-01 03:37:45.577405,45,24.611468612026343,56.795329369264884,1,Room_1
2026-03-01 03:38:45.577405,94,25.01356289589439,40.27217213958175,1,Room_1
2026-03-01 03:39:45.577405,34,23.02758974474553,48.50028844796745,1,Room_1
2026-03-01 03:40:45.577405,70,26.330132629408883,68.88976011576983,1,Room_1
2026-03-01 03:41:45.577405,62,25.137209691561573,45.384919702715,1,Room_1
2026-03-01 03:42:45.577405,36,22.820077823925434,68.11685461709354,1,Room_1
2026-03-01 03:43:45.577405,95,28.16683286832792,68.41893664769015,1,Room_1
2026-03-01 03:44:45.577405,63,27.665376709162253,42.02051804406315,1,Room_1
2026-03-01 03:45:45.577405,9,25.78859110748071,41.73761381676395,0,Room_1
2026-03-01 03:46:45.577405,81,28.97229444921901,69.2046690753219,1,Room_1
2026-03-01 03:47:45.577405,28,25.56766645608257,59.42720930205723,0,Room_1
2026-03-01 03:48:45.577405,51,28.06610556743218,40.737607493764045,1,Room_1
2026-03-01 03:49:45.577405,10,28.572103579259526,51.15500587716174,0,Room_1
2026-03-01 03:50:45.577405,31,28.163259342462347,60.49886129819515,1,Room_1
2026-03-01 03:51:45.577405,25,23.271506266214054,54.05618250305753,0,Room_1
2026-03-01 03:52:45.577405,3,25.409450417887783,53.541610729890266,0,Room_1
2026-03-01 03:53:45.577405,38,26.216192769694896,64.7776229739969,1,Room_1
2026-03-01 03:54:45.577405,74,23.766156902310083,42.47143136847528,1,Room_1
2026-03-01 03:55:45.577405,77,23.84042946425147,43.94005379228134,1,Room_1
2026-03-01 03:56:45.577405,66,29.606908498003282,44.531736753427005,1,Room_1
2026-03-01 03:57:45.577405,91,27.850160535789485,67.28573532843455,1,Room_1
2026-03-01 03:58:45.577405,58,29.71616377816167,62.802822353142915,1,Room_1
2026-03-01 03:59:45.577405,68,29.871821183678627,52.28002018945129,1,Room_1
2026-03-01 04:00:45.577405,37,23.839636847128688,46.3931411207525,1,Room_1
2026-03-01 04:01:45.577405,63,28.944982507924248,61.44772120606743,1,Room_1
2026-03-01 04:02:45.577405,17,28.914865998717097,54.19629720074671,0,Room_1
2026-03-01 04:03:45.577405,71,23.273965906234118,46.111037478288225,1,Room_1
2026-03-01 04:04:45.577405,92,28.212774822333934,63.127655339321564,1,Room_1
2026-03-01 04:05:45.577405,45,26.24283514982605,40.53585677434958,1,Room_1
2026-03-01 04:06:45.577405,92,23.049959021459102,40.975785384737556,1,Room_1
2026-03-01 04:07:45.577405,59,29.740090108910223,45.56376624029963,1,Room_1
2026-03-01 04:08:45.577405,14,25.8521788121004,43.51924566887183,0,Room_1
2026-03-01 04:09:45.577405,16,26.85845158610137,47.42619866810126,0,Room_1
2026-03-01 04:10:45.577405,8,23.604197813602696,54.74783640224311,0,Room_1
2026-03-01 04:11:45.577405,62,27.21215573441812,49.77776391856224,1,Room_1
2026-03-01 04:12:45.577405,1,28.380472805097504,49.31085876770722,0,Room_1
2026-03-01 04:13:45.577405,76,23.196645141340525,53.937957899074306,1,Room_1
2026-03-01 04:14:45.577405,93,25.139948451253478,54.39816504151371,1,Room_1
2026-03-01 04:15:45.577405,94,27.77510102341548,59.7095157269348,1,Room_1
2026-03-01 04:16:45.577405,88,28.880979177513638,63.3955296668005,1,Room_1
2026-03-01 04:17:45.577405,7,27.794282465011296,62.47484917303849,0,Room_1
2026-03-01 04:18:45.577405,40,23.93636012690022,69.59987779801439,1,Room_1
2026-03-01 04:19:45.577405,31,22.14694109552432,54.47069144654775,1,Room_1
2026-03-01 04:20:45.577405,91,27.61971976435283,56.78946050460742,1,Room_1
2026-03-01 04:21:45.577405,31,29.529900033859093,42.172488164390245,1,Room_1
2026-03-01 04:22:45.577405,96,22.702931993158668,50.51880793627542,1,Room_1
2026-03-01 04:23:45.577405,32,28.59611237517467,50.73404052784814,1,Room_1
2026-03-01 04:24:45.577405,65,29.819731090518285,46.025772695868824,1,Room_1
2026-03-01 04:25:45.577405,14,23.60120195395848,45.024477467772094,0,Room_1
2026-03-01 04:26:45.577405,48,29.612399794842617,43.72659900184178,1,Room_1
2026-03-01 04:27:45.577405,5,26.75821309901549,58.49813745587422,0,Room_1
2026-03-01 04:28:45.577405,94,26.330370682408564,61.27181558352749,1,Room_1
2026-03-01 04:29:45.577405,7,29.578803701048308,58.75913980641843,0,Room_1
2026-03-01 04:30:45.577405,83,24.715601540342448,64.44475341239537,1,Room_1
2026-03-01 04:31:45.577405,6,27.286560946394005,56.59004357775875,0,Room_1
2026-03-01 04:32:45.577405,5,28.53838215969995,53.569548535549,0,Room_1
2026-03-01 04:33:45.577405,2,22.326032848739782,44.91998442968492,0,Room_1
2026-03-01 04:34:45.577405,13,22.653039856244717,41.81056251971691,0,Room_1
2026-03-01 04:35:45.577405,86,27.202353486987633,54.37836785728862,1,Room_1
2026-03-01 04:36:45.577405,18,29.80692204655305,50.10687375313321,0,Room_1
2026-03-01 04:37:45.577405,7,28.97466223178497,53.00966001869167,0,Room_1
2026-03-01 04:38:45.577405,31,25.985565731625112,56.66090652812893,1,Room_1
2026-03-01 04:39:45.577405,17,27.22610415389864,49.96943876065327,0,Room_1
2026-03-01 04:40:45.577405,55,29.798345297174265,59.50977059040811,1,Room_1
2026-03-01 04:41:45.577405,73,25.226090888990655,46.6168337476697,1,Room_1
2026-03-01 04:42:45.577405,53,22.24522001764645,47.730486655336406,1,Room_1
2026-03-01 04:43:45.577405,75,23.39354669262603,68.8234165446093,1,Room_1
2026-03-01 04:44:45.577405,57,27.94165216959985,52.764800033442256,1,Room_1
2026-03-01 04:45:45.577405,3,27.88280238932602,63.03171664200341,0,Room_1
2026-03-01 04:46:45.577405,59,22.32087353129986,66.01094488367346,1,Room_1
2026-03-01 04:47:45.577405,95,26.704467024720635,40.88183337269522,1,Room_1
2026-03-01 04:48:45.577405,97,25.893351531397624,66.20269714244982,1,Room_1
2026-03-01 04:49:45.577405,33,28.343648756845052,59.650280164963256,1,Room_1
2026-03-01 04:50:45.577405,57,29.298906764933527,46.319865670169996,1,Room_1
2026-03-01 04:51:45.577405,17,27.052481760740164,61.99339067245843,0,Room_1
2026-03-01 04:52:45.577405,98,28.208001656283436,52.1593054925723,1,Room_1
2026-03-01 04:53:45.577405,93,23.437464870961936,47.12629974771633,1,Room_1
2026-03-01 04:54:45.577405,77,26.10092164164644,52.39093523943091,1,Room_1
2026-03-01 04:55:45.577405,37,25.93822285158428,47.41693223209531,1,Room_1
2026-03-01 04:56:45.577405,59,25.24016639264257,57.78755199495346,1,Room_1
2026-03-01 04:57:45.577405,88,27.30097023206656,42.85784523863879,1,Room_1
2026-03-01 04:58:45.577405,16,25.128652293214085,69.08236967005863,0,Room_1
2026-03-01 04:59:45.577405,65,28.863890031381647,40.27091212388651,1,Room_1
2026-03-01 05:00:45.577405,64,28.187785005492806,43.92620982155049,1,Room_1
2026-03-01 05:01:45.577405,44,23.89622285686669,47.04022114784653,1,Room_1
2026-03-01 05:02:45.577405,9,22.5879739786401,45.09273715262622,0,Room_1
2026-03-01 05:03:45.577405,73,25.590220590651224,60.08171204378084,1,Room_1
2026-03-01 05:04:45.577405,0,25.5954706817099,57.63653113331161,0,Room_1
2026-03-01 05:05:45.577405,75,27.654217735083567,45.011257237028495,1,Room_1
2026-03-01 05:06:45.577405,83,25.03486871937939,58.166144729346485,1,Room_1
2026-03-01 05:07:45.577405,46,27.31043622097444,54.23892627249442,1,Room_1
2026-03-01 05:08:45.577405,43,25.570949172100683,65.92648533022506,1,Room_1
2026-03-01 05:09:45.577405,5,23.646729680294147,43.357588581931836,0,Room_1
2026-03-01 05:10:45.577405,77,22.45669484871452,55.935085840030965,1,Room_1
2026-03-01 05:11:45.577405,19,22.413574697932216,59.200089005107415,0,Room_1
2026-03-01 05:12:45.577405,34,25.617592226267483,68.01625052583715,1,Room_1
2026-03-01 05:13:45.577405,68,22.826471656992126,57.54012101327766,1,Room_1
2026-03-01 05:14:45.577405,11,23.18674560769671,69.5989036887654,0,Room_1
2026-03-01 05:15:45.577405,87,27.487741887863873,40.52139370556439,1,Room_1
2026-03-01 05:16:45.577405,88,27.112959502524003,66.03754883560066,1,Room_1
2026-03-01 05:17:45.577405,94,24.033796639179947,55.6519013990864,1,Room_1
2026-03-01 05:18:45.577405,22,27.334914060368835,44.18953764268939,0,Room_1
2026-03-01 05:19:45.577405,44,23.148338896315142,68.19459375780525,1,Room_1
2026-03-01 05:20:45.577405,7,29.759296368858163,42.81702147368255,0,Room_1
2026-03-01 05:21:45.577405,7,23.24931075833739,47.03683880004486,0,Room_1
2026-03-01 05:22:45.577405,85,24.042452197827455,59.848970511134404,1,Room_1
2026-03-01 05:23:45.577405,89,24.994374137118342,40.525479725861864,1,Room_1
2026-03-01 05:24:45.577405,81,26.94277792160971,66.06714953436155,1,Room_1
2026-03-01 05:25:45.577405,75,22.904878552612583,63.8653111508921,1,Room_1
2026-03-01 05:26:45.577405,67,27.412107086217972,46.47025457193151,1,Room_1
2026-03-01 05:27:45.577405,79,28.61471106969502,60.00914550972722,1,Room_1
2026-03-01 05:28:45.577405,89,24.788589337935765,44.778623357284154,1,Room_1
2026-03-01 05:29:45.577405,63,22.385696310884448,69.31522552663952,1,Room_1
2026-03-01 05:30:45.577405,40,29.946695498869026,62.572832878467175,1,Room_1
2026-03-01 05:31:45.577405,76,24.309484764245106,43.27328895297249,1,Room_1
2026-03-01 05:32:45.577405,97,25.233122573208263,49.81099484689716,1,Room_1
2026-03-01 05:33:45.577405,18,28.46276753553007,62.868554043298474,0,Room_1
2026-03-01 05:34:45.577405,22,25.484666518503463,64.53502648525065,0,Room_1
2026-03-01 05:35:45.577405,87,24.374954196482246,59.472239763831794,1,Room_1
2026-03-01 05:36:45.577405,84,24.59668663920216,50.99384604614194,1,Room_1
2026-03-01 05:37:45.577405,70,26.507511418787672,51.412591126983926,1,Room_1
2026-03-01 05:38:45.577405,92,25.589548980980247,47.12632392622982,1,Room_1
2026-03-01 05:39:45.577405,34,23.81815701810521,42.19587771305331,1,Room_1
2026-03-01 05:40:45.577405,98,23.347555081141756,59.27727906841569,1,Room_1
2026-03-01 05:41:45.577405,65,25.70795235040458,51.3935734053769,1,Room_1
2026-03-01 05:42:45.577405,25,29.61182847732793,65.41502084117722,0,Room_1
2026-03-01 05:43:45.577405,27,22.205136526451486,50.23743482878469,0,Room_1
2026-03-01 05:44:45.577405,11,23.19193484776156,55.798713918068785,0,Room_1
2026-03-01 05:45:45.577405,78,26.26882037381503,58.23715278380334,1,Room_1
2026-03-01 05:46:45.577405,47,26.395313907443626,62.40627148407468,1,Room_1
2026-03-01 05:47:45.577405,42,22.145860661410893,45.87333957050638,1,Room_1
2026-03-01 05:48:45.577405,79,27.179797713236823,66.94091646849961,1,Room_1
2026-03-01 05:49:45.577405,24,27.237544651450786,51.40223526811616,0,Room_1
2026-03-01 05:50:45.577405,67,29.475488214444113,50.548680617189035,1,Room_1
2026-03-01 05:51:45.577405,33,23.330652861945136,58.520552722389226,1,Room_1
2026-03-01 05:52:45.577405,51,27.360768276887534,67.88817632265967,1,Room_1
2026-03-01 05:53:45.577405,27,26.313290213402034,49.339230974680106,0,Room_1
2026-03-01 05:54:45.577405,35,27.741086287269034,51.997156204124686,1,Room_1
2026-03-01 05:55:45.577405,76,25.30839281220281,43.656582800108424,1,Room_1
2026-03-01 05:56:45.577405,74,22.985781233377327,65.78247379841767,1,Room_1
2026-03-01 05:57:45.577405,38,26.20130706933648,61.27138785167298,1,Room_1
2026-03-01 05:58:45.577405,55,28.3472580651827,45.55685339642229,1,Room_1
2026-03-01 05:59:45.577405,55,29.703415001900638,54.50636940159774,1,Room_1
2026-03-01 06:00:45.577405,6,28.52598914803425,51.20529049115163,0,Room_1
2026-03-01 06:01:45.577405,44,27.06521100475218,68.54210026619971,1,Room_1
2026-03-01 06:02:45.577405,21,28.55351087541432,66.52619390045223,0,Room_1
2026-03-01 06:03:45.577405,8,28.34995080304413,59.3981774026858,0,Room_1
2026-03-01 06:04:45.577405,87,25.288227758453637,65.19583908600161,1,Room_1
2026-03-01 06:05:45.577405,71,28.159557602013432,56.69911173810152,1,Room_1
2026-03-01 06:06:45.577405,90,28.244204121950894,48.244181066444085,1,Room_1
2026-03-01 06:07:45.577405,18,28.809394086822167,60.14274008591843,0,Room_1
2026-03-01 06:08:45.577405,88,22.764282510677347,58.715779740297194,1,Room_1
2026-03-01 06:09:45.577405,96,25.391558503306417,44.58951402485688,1,Room_1
2026-03-01 06:10:45.577405,48,27.894989959553456,65.88391232629685,1,Room_1
2026-03-01 06:11:45.577405,20,22.765716444161292,40.709157581390095,0,Room_1
2026-03-01 06:12:45.577405,14,23.84196934742296,46.1855849355528,0,Room_1
2026-03-01 06:13:45.577405,10,23.855576768927804,51.72717987716544,0,Room_1
2026-03-01 06:14:45.577405,56,25.974134870873357,69.63356560644662,1,Room_1
2026-03-01 06:15:45.577405,34,26.776375335165532,60.275237352621275,1,Room_1
2026-03-01 06:16:45.577405,41,25.425596919404917,61.52793296974529,1,Room_1
2026-03-01 06:17:45.577405,74,29.930047949617506,43.85182868362376,1,Room_1
2026-03-01 06:18:45.577405,18,26.82575528170698,50.11681398266261,0,Room_1
2026-03-01 06:19:45.577405,31,24.193285332478446,42.3825810696696,1,Room_1
2026-03-01 06:20:45.577405,96,26.766005825511655,52.03563742116948,1,Room_1
2026-03-01 06:21:45.577405,96,23.813251217815903,50.64988917495812,1,Room_1
2026-03-01 06:22:45.577405,67,25.539279491845356,64.95589339754267,1,Room_1
2026-03-01 06:23:45.577405,59,28.402852062578894,47.01136245731299,1,Room_1
2026-03-01 06:24:45.577405,20,24.16917949200148,57.78435974960268,0,Room_1
2026-03-01 06:25:45.577405,66,26.263662292410682,49.73001259346127,1,Room_1
2026-03-01 06:26:45.577405,2,23.52259890255254,41.57016627359525,0,Room_1
2026-03-01 06:27:45.577405,43,27.294713518795028,56.733502521100746,1,Room_1
2026-03-01 06:28:45.577405,97,25.570818809581137,50.00708648416601,1,Room_1
2026-03-01 06:29:45.577405,21,26.49837452702328,68.7287585351614,0,Room_1
2026-03-01 06:30:45.577405,76,27.079680364728265,62.64513459822543,1,Room_1
2026-03-01 06:31:45.577405,54,26.28662147578465,42.90029348940159,1,Room_1
2026-03-01 06:32:45.577405,54,28.04930663116197,50.42714572716946,1,Room_1
2026-03-01 06:33:45.577405,11,29.849890994754432,54.24659630518656,0,Room_1
2026-03-01 06:34:45.577405,29,23.87713665484363,51.97947747427924,0,Room_1
2026-03-01 06:35:45.577405,4,27.897441800057944,63.05799414365525,0,Room_1
2026-03-01 06:36:45.577405,64,28.73626635501137,55.628739318161266,1,Room_1
2026-03-01 06:37:45.577405,69,24.05637813145664,63.637059648767945,1,Room_1
2026-03-01 06:38:45.577405,31,23.02170786908188,64.78202890757585,1,Room_1
2026-03-01 06:39:45.577405,37,23.274432164951843,41.893270992374504,1,Room_1
2026-03-01 06:40:45.577405,35,24.425026847562627,47.893377097325285,1,Room_1
2026-03-01 06:41:45.577405,65,25.047276204087897,50.3896530576701,1,Room_1
2026-03-01 06:42:45.577405,72,26.077793974013584,64.7585832469869,1,Room_1
2026-03-01 06:43:45.577405,61,25.577620324038683,58.01783000081852,1,Room_1
2026-03-01 06:44:45.577405,54,23.29411369081688,63.588278702712834,1,Room_1
2026-03-01 06:45:45.577405,14,29.9372641185865,65.54274873235288,0,Room_1
2026-03-01 06:46:45.577405,11,29.44476171715133,43.490991936564285,0,Room_1
2026-03-01 06:47:45.577405,81,27.023600422181087,60.22911419227145,1,Room_1
2026-03-01 06:48:45.577405,29,27.771376538629852,44.23834147826518,0,Room_1
2026-03-01 06:49:45.577405,6,24.437433112784326,42.42757849153757,0,Room_1
2026-03-01 06:50:45.577405,20,22.18315059980896,44.61373449004093,0,Room_1
2026-03-01 06:51:45.577405,34,24.768797812302285,69.26830602579744,1,Room_1
2026-03-01 06:52:45.577405,9,28.57984450907489,43.97574018225545,0,Room_1
2026-03-01 06:53:45.577405,53,24.509821529552767,58.19112833300127,1,Room_1
2026-03-01 06:54:45.577405,64,26.85002350200782,62.94429402708987,1,Room_1
2026-03-01 06:55:45.577405,51,26.02052861170754,51.959890833169396,1,Room_1
2026-03-01 06:56:45.577405,24,27.330455086680317,43.65285733375824,0,Room_1
2026-03-01 06:57:45.577405,20,22.206495255595897,44.05498867464468,0,Room_1
2026-03-01 06:58:45.577405,67,22.639723154874417,63.30170891415078,1,Room_1
2026-03-01 06:59:45.577405,95,26.754326004494196,68.09347521650982,1,Room_1
2026-03-01 07:00:45.577405,19,25.516093509063282,43.16994052785232,0,Room_1
2026-03-01 07:01:45.577405,5,22.002660048963914,40.530634288397714,0,Room_1
2026-03-01 07:02:45.577405,1,27.201608739185225,44.560745593859444,0,Room_1
2026-03-01 07:03:45.577405,4,28.24609268854752,53.7940127130796,0,Room_1
2026-03-01 07:04:45.577405,1,25.876812696150918,62.62760633031589,0,Room_1
2026-03-01 07:05:45.577405,30,27.560281830868426,69.5103677579024,0,Room_1
2026-03-01 07:06:45.577405,82,23.365318068399986,42.23889443011245,1,Room_1
2026-03-01 07:07:45.577405,27,24.426201180540765,43.0313743303194,0,Room_1
2026-03-01 07:08:45.577405,79,27.532944444554555,58.54155022861558,1,Room_1
2026-03-01 07:09:45.577405,3,29.973574830823814,64.41910808518057,0,Room_1
2026-03-01 07:10:45.577405,51,23.390020765298356,59.671710176849686,1,Room_1
2026-03-01 07:11:45.577405,37,25.40866707112297,43.921311302205986,1,Room_1
2026-03-01 07:12:45.577405,62,25.59827719057058,45.83867535462295,1,Room_1
2026-03-01 07:13:45.577405,6,26.20403697574912,54.44904539604587,0,Room_1
2026-03-01 07:14:45.577405,70,27.868915044491217,63.07914680924019,1,Room_1
2026-03-01 07:15:45.577405,54,25.329231985438092,54.44032454905971,1,Room_1
2026-03-01 07:16:45.577405,78,26.657185838239776,60.429244817147335,1,Room_1
2026-03-01 07:17:45.577405,38,26.95158554406177,49.70501184734421,1,Room_1
2026-03-01 07:18:45.577405,89,23.929611660796333,69.2762126473016,1,Room_1
2026-03-01 07:19:45.577405,81,22.516933438752687,41.27899627861098,1,Room_1
2026-03-01 07:20:45.577405,80,22.87788958942003,56.43878466921079,1,Room_1
2026-03-01 07:21:45.577405,62,25.994670679828946,47.98057834016142,1,Room_1
2026-03-01 07:22:45.577405,25,23.017598101499598,65.93981176421252,0,Room_1
2026-03-01 07:23:45.577405,81,25.808145034950133,51.27664855437308,1,Room_1
2026-03-01 07:24:45.577405,51,28.876521853175568,51.771811645854235,1,Room_1
2026-03-01 07:25:45.577405,41,29.136677511521874,68.66004059511785,1,Room_1
2026-03-01 07:26:45.577405,16,27.26953716965955,68.28493424239785,0,Room_1
2026-03-01 07:27:45.577405,1,25.500824992443135,47.640118661381536,0,Room_1
2026-03-01 07:28:45.577405,9,29.44255107870259,47.591752984023536,0,Room_1
2026-03-01 07:29:45.577405,20,28.60105756742963,54.86356310382945,0,Room_1
2026-03-01 07:30:45.577405,7,29.160941925652292,59.10009046501622,0,Room_1
2026-03-01 07:31:45.577405,78,29.115127329030756,53.518589701892736,1,Room_1
2026-03-01 07:32:45.577405,44,23.201352006536332,62.12301306164457,1,Room_1
2026-03-01 07:33:45.577405,64,25.546184699548945,41.43492461182316,1,Room_1
2026-03-01 07:34:45.577405,71,22.678336128366425,61.48970164188047,1,Room_1
2026-03-01 07:35:45.577405,50,22.57005382212207,40.36325425704662,1,Room_1
2026-03-01 07:36:45.577405,4,26.068634315580628,51.627856944483085,0,Room_1
2026-03-01 07:37:45.577405,30,24.372284650301243,50.49109689237549,0,Room_1
2026-03-01 07:38:45.577405,14,29.538523117385544,63.51528030303022,0,Room_1
2026-03-01 07:39:45.577405,50,23.392874682672677,42.95186949140192,1,Room_1
2026-03-01 07:40:45.577405,93,28.64427565123872,42.06138497554803,1,Room_1
2026-03-01 07:41:45.577405,9,22.1675596882473,42.46515002429282,0,Room_1
2026-03-01 07:42:45.577405,91,29.191206592049884,63.47454773691814,1,Room_1
2026-03-01 07:43:45.577405,24,29.80792679679034,60.020511941392854,0,Room_1
2026-03-01 07:44:45.577405,66,22.97109134527525,58.450389041166,1,Room_1
2026-03-01 07:45:45.577405,77,22.554034450286878,68.79479554227787,1,Room_1
2026-03-01 07:46:45.577405,61,29.166516778975055,49.66646510333885,1,Room_1
2026-03-01 07:47:45.577405,35,24.342576293607717,69.39910988076552,1,Room_1
2026-03-01 07:48:45.577405,12,26.65938126565797,62.44219538288596,0,Room_1
2026-03-01 07:49:45.577405,31,26.931997815160667,44.69915310921425,1,Room_1
2026-03-01 07:50:45.577405,9,24.706140047955987,67.8425092097815,0,Room_1
2026-03-01 07:51:45.577405,54,22.760093591938436,51.27978669823934,1,Room_1
2026-03-01 07:52:45.577405,77,25.51523991755562,58.38818747483576,1,Room_1
2026-03-01 07:53:45.577405,21,24.190330460112854,67.8495259854573,0,Room_1
2026-03-01 07:54:45.577405,43,23.5797639188795,66.60774700627809,1,Room_1
2026-03-01 07:55:45.577405,20,24.28725431391328,64.47840816905853,0,Room_1
2026-03-01 07:56:45.577405,38,28.772114709522224,67.56779600918664,1,Room_1
2026-03-01 07:57:45.577405,17,27.088566109838602,46.631901143611856,0,Room_1
2026-03-01 07:58:45.577405,7,27.98553524783198,56.73439676533209,0,Room_1
2026-03-01 07:59:45.577405,22,27.249294701448573,45.3228630840912,0,Room_1
2026-03-01 08:00:45.577405,85,28.025498687307223,48.079938949060754,1,Room_1
2026-03-01 08:01:45.577405,91,22.345389886376093,44.944444471883116,1,Room_1
2026-03-01 08:02:45.577405,28,27.482384128926988,42.75612663130134,0,Room_1
2026-03-01 08:03:45.577405,49,23.708090930485376,55.17558078855487,1,Room_1
2026-03-01 08:04:45.577405,87,24.739069088268373,52.40249347885784,1,Room_1
2026-03-01 08:05:45.577405,36,26.722781523670182,55.2508164074884,1,Room_1
2026-03-01 08:06:45.577405,62,22.847445700467944,44.54708114763021,1,Room_1
2026-03-01 08:07:45.577405,29,28.98658332688646,59.08874061937745,0,Room_1
2026-03-01 08:08:45.577405,7,25.692459795358317,40.2799485948128,0,Room_1
2026-03-01 08:09:45.577405,0,27.93369649210344,66.44352339025065,0,Room_1
2026-03-01 08:10:45.577405,3,22.793424796697728,52.04482947583865,0,Room_1
2026-03-01 08:11:45.577405,97,23.63228507703119,56.652548479068585,1,Room_1
2026-03-01 08:12:45.577405,45,26.927883602081433,45.640742038462484,1,Room_1
2026-03-01 08:13:45.577405,40,25.00207923554133,56.16087002029117,1,Room_1
2026-03-01 08:14:45.577405,35,22.041836908343303,62.829722800842816,1,Room_1
2026-03-01 08:15:45.577405,53,28.661443754776347,40.33094842787398,1,Room_1
2026-03-01 08:16:45.577405,33,28.069411120888038,60.351364685654254,1,Room_1
2026-03-01 08:17:45.577405,15,23.19110440265956,49.16812646470645,0,Room_1
2026-03-01 08:18:45.577405,55,26.016401707907576,43.741421707341715,1,Room_1
2026-03-01 08:19:45.577405,3,27.776567505621898,66.58587341395224,0,Room_1
2026-03-01 08:20:45.577405,98,23.102583193273883,59.89126013501477,1,Room_1
2026-03-01 08:21:45.577405,53,27.564945171974454,40.09654790812836,1,Room_1
2026-03-01 08:22:45.577405,37,23.335080942838967,45.43957839776516,1,Room_1
2026-03-01 08:23:45.577405,44,22.743925118585057,57.646068008451714,1,Room_1
2026-03-01 08:24:45.577405,3,26.0808776999906,61.70214296836859,0,Room_1
2026-03-01 08:25:45.577405,79,23.80351004370955,61.08830322936031,1,Room_1
2026-03-01 08:26:45.577405,23,27.411743497810896,64.14966999042309,0,Room_1
2026-03-01 08:27:45.577405,30,22.183462490144336,49.663240126875564,0,Room_1
2026-03-01 08:28:45.577405,62,22.61646623307465,41.75652787731938,1,Room_1
2026-03-01 08:29:45.577405,75,28.27917581689174,61.23042804222747,1,Room_1
2026-03-01 08:30:45.577405,30,28.60104534132892,55.60889730755962,0,Room_1
2026-03-01 08:31:45.577405,44,23.17962021365027,49.84578260827935,1,Room_1
2026-03-01 08:32:45.577405,54,23.886860793149495,51.142660056191374,1,Room_1
2026-03-01 08:33:45.577405,91,27.88530491391352,69.95042534178849,1,Room_1
2026-03-01 08:34:45.577405,44,23.38784059412766,59.1265979341069,1,Room_1
2026-03-01 08:35:45.577405,19,28.285212944641856,43.55008572770162,0,Room_1
2026-03-01 08:36:45.577405,69,29.92901145457043,62.41658763226113,1,Room_1
2026-03-01 08:37:45.577405,8,29.602502023444735,46.08809102724707,0,Room_1
2026-03-01 08:38:45.577405,60,29.837173720271068,44.958823329105236,1,Room_1
2026-03-01 08:39:45.577405,93,28.653576349406187,48.19212429918437,1,Room_1
2026-03-01 08:40:45.577405,80,29.436935383005473,63.47745819554014,1,Room_1
2026-03-01 08:41:45.577405,18,24.07437407092619,52.88970438216805,0,Room_1
2026-03-01 08:42:45.577405,68,28.73546853433447,45.583042535388316,1,Room_1
2026-03-01 08:43:45.577405,48,25.481443194042853,68.12059882647594,1,Room_1
2026-03-01 08:44:45.577405,99,23.06783977932755,42.41804541271374,1,Room_1
2026-03-01 08:45:45.577405,38,25.9716892188424,53.10552107845538,1,Room_1
2026-03-01 08:46:45.577405,56,22.056233630508952,41.7184075323287,1,Room_1
2026-03-01 08:47:45.577405,45,26.88180119582113,44.060622468330564,1,Room_1
2026-03-01 08:48:45.577405,30,29.380984464702316,54.16181302590995,0,Room_1
2026-03-01 08:49:45.577405,84,22.55166413085137,41.71164163453763,1,Room_1
2026-03-01 08:50:45.577405,29,22.290300980908018,48.27159559286657,0,Room_1
2026-03-01 08:51:45.577405,54,29.250036644168294,47.48638599548518,1,Room_1
2026-03-01 08:52:45.577405,79,24.969656751119985,52.86660636583116,1,Room_1
2026-03-01 08:53:45.577405,88,28.21368445564145,41.96098472693156,1,Room_1
2026-03-01 08:54:45.577405,44,28.824716987229202,41.39501759320196,1,Room_1
2026-03-01 08:55:45.577405,81,29.251499626755287,44.17736113352785,1,Room_1
2026-03-01 08:56:45.577405,67,24.521516168778874,63.15573178544864,1,Room_1
2026-03-01 08:57:45.577405,69,29.19866676549818,40.65470190326469,1,Room_1
2026-03-01 08:58:45.577405,74,29.707155473708404,56.805045503855254,1,Room_1
2026-03-01 08:59:45.577405,70,25.147582772508734,64.83605125966518,1,Room_1
2026-03-01 09:00:45.577405,13,27.846567719845837,69.4389127149174,0,Room_1
2026-03-01 09:01:45.577405,81,23.159720579038535,61.75467182653344,1,Room_1
2026-03-01 09:02:45.577405,36,26.52264203657288,53.91797460065008,1,Room_1
2026-03-01 09:03:45.577405,88,29.576287901909783,69.02068533364826,1,Room_1
2026-03-01 09:04:45.577405,60,22.912766279103465,44.537404862048035,1,Room_1
2026-03-01 09:05:45.577405,67,25.343919470963876,42.66520735262693,1,Room_1
2026-03-01 09:06:45.577405,85,26.4897823062602,55.70172734123099,1,Room_1
2026-03-01 09:07:45.577405,60,23.81927596689103,52.11933628979645,1,Room_1
2026-03-01 09:08:45.577405,42,22.541346895200014,61.23505291689306,1,Room_1
2026-03-01 09:09:45.577405,16,26.903201286895595,46.78441154769822,0,Room_1
2026-03-01 09:10:45.577405,97,25.877570297040375,44.97323620489827,1,Room_1
2026-03-01 09:11:45.577405,1,27.313503316043338,46.482713595559225,0,Room_1
2026-03-01 09:12:45.577405,73,25.698364488004856,52.35296624753526,1,Room_1
2026-03-01 09:13:45.577405,38,26.363454955255243,41.86819317645657,1,Room_1
2026-03-01 09:14:45.577405,39,22.895487416172244,50.67920121384558,1,Room_1
2026-03-01 09:15:45.577405,98,22.415652620434148,63.588345981520995,1,Room_1
2026-03-01 09:16:45.577405,63,24.718219772495083,66.1640710006743,1,Room_1
2026-03-01 09:17:45.577405,25,24.64172051897198,62.70254517065905,0,Room_1
2026-03-01 09:18:45.577405,85,22.143565428547934,43.7876134837784,1,Room_1
2026-03-01 09:19:45.577405,78,29.036654839612233,66.11735275138021,1,Room_1
2026-03-01 09:20:45.577405,26,29.57310363359686,56.805467751247356,0,Room_1
2026-03-01 09:21:45.577405,27,28.176099810479922,40.81502263676679,0,Room_1
2026-03-01 09:22:45.577405,24,22.753215281005584,50.30989577827309,0,Room_1
2026-03-01 09:23:45.577405,43,26.309614383621714,54.934375241028704,1,Room_1
2026-03-01 09:24:45.577405,5,24.97546134333492,53.55090457695048,0,Room_1
2026-03-01 09:25:45.577405,49,22.747263775802367,53.23216474752351,1,Room_1
2026-03-01 09:26:45.577405,10,23.630131673021513,55.69988893584224,0,Room_1
2026-03-01 09:27:45.577405,23,24.85336779313412,62.72445654368252,0,Room_1
2026-03-01 09:28:45.577405,84,24.49879281508411,59.28023973017271,1,Room_1
2026-03-01 09:29:45.577405,14,29.320720547256347,55.9908660173842,0,Room_1
2026-03-01 09:30:45.577405,41,25.580823522561737,56.73460575787604,1,Room_1
2026-03-01 09:31:45.577405,1,24.534093416540212,65.71537770996258,0,Room_1
2026-03-01 09:32:45.577405,2,29.17749072771695,45.065626200330584,0,Room_1
2026-03-01 09:33:45.577405,32,26.784901034952142,41.00150805359144,1,Room_1
2026-03-01 09:34:45.577405,7,29.151917680062965,59.62877656974885,0,Room_1
2026-03-01 09:35:45.577405,3,28.38874617906201,69.03267631310166,0,Room_1
2026-03-01 09:36:45.577405,18,29.059330947258708,64.10810606324605,0,Room_1
2026-03-01 09:37:45.577405,45,24.557334659524358,69.6524796823623,1,Room_1
2026-03-01 09:38:45.577405,20,27.801484384219126,49.69033595158642,0,Room_1
2026-03-01 09:39:45.577405,27,29.055422066437153,52.82469063761845,0,Room_1
2026-03-01 09:40:45.577405,26,27.494887981400232,42.790914593800814,0,Room_1
2026-03-01 09:41:45.577405,67,27.75482897895327,66.70774159053406,1,Room_1
2026-03-01 09:42:45.577405,4,29.787659119809383,50.1052150558331,0,Room_1
2026-03-01 09:43:45.577405,8,28.55250811089325,56.22381264956633,0,Room_1
2026-03-01 09:44:45.577405,82,28.076659280917056,69.64196699958322,1,Room_1
2026-03-01 09:45:45.577405,65,28.573095181683772,53.777955915196415,1,Room_1
2026-03-01 09:46:45.577405,84,24.034575849426535,64.57765314614383,1,Room_1
2026-03-01 09:47:45.577405,75,24.681664378966982,45.21284779407232,1,Room_1
2026-03-01 09:48:45.577405,20,22.90354566728939,42.615384034954936,0,Room_1
2026-03-01 09:49:45.577405,32,23.918992902047556,44.25915969282982,1,Room_1
2026-03-01 09:50:45.577405,40,27.91737040581411,45.7378125374376,1,Room_1
2026-03-01 09:51:45.577405,74,27.209180679053393,58.627857024352934,1,Room_1
2026-03-01 09:52:45.577405,21,27.904552986708136,64.18587643011372,0,Room_1
2026-03-01 09:53:45.577405,93,29.832839504121235,59.024264148872106,1,Room_1
2026-03-01 09:54:45.577405,83,27.914357881318185,43.19031178767324,1,Room_1
2026-03-01 09:55:45.577405,98,27.49061757348878,42.089234444872176,1,Room_1
2026-03-01 09:56:45.577405,38,23.33705609176977,59.65847229074974,1,Room_1
2026-03-01 09:57:45.577405,0,28.69632900194352,48.37828265363231,0,Room_1
2026-03-01 09:58:45.577405,62,24.7230407413334,65.99159542754026,1,Room_1
2026-03-01 09:59:45.577405,46,24.44248541357385,46.379331291132885,1,Room_1
2026-03-01 10:00:45.577405,98,28.105242330071114,52.24919028278353,1,Room_1
2026-03-01 10:01:45.577405,13,29.22886275477436,46.982894413038665,0,Room_1
2026-03-01 10:02:45.577405,8,28.30757874602639,59.94954710427986,0,Room_1
2026-03-01 10:03:45.577405,81,27.20614838046998,66.22680172415055,1,Room_1
2026-03-01 10:04:45.577405,90,26.48352504784352,43.32968407640443,1,Room_1
2026-03-01 10:05:45.577405,45,25.68286616961541,65.9369082856801,1,Room_1
2026-03-01 10:06:45.577405,71,23.03078969600204,52.38283387798078,1,Room_1
2026-03-01 10:07:45.577405,77,25.83256050482681,40.54000266835645,1,Room_1
2026-03-01 10:08:45.577405,39,27.919232966135443,67.54229656597451,1,Room_1
2026-03-01 10:09:45.577405,86,23.019631675382954,61.23064978991856,1,Room_1
2026-03-01 10:10:45.577405,50,28.608312413332577,60.97946125378611,1,Room_1
2026-03-01 10:11:45.577405,27,22.144052444803634,68.88431071222078,0,Room_1
2026-03-01 10:12:45.577405,62,26.473478454634613,58.84714331389844,1,Room_1
2026-03-01 10:13:45.577405,18,28.982030716529025,43.37741171235811,0,Room_1
2026-03-01 10:14:45.577405,37,22.961977812093405,42.050228065967815,1,Room_1
2026-03-01 10:15:45.577405,80,23.935150626070712,40.372121088319446,1,Room_1
2026-03-01 10:16:45.577405,51,24.41012208608,57.95072452893277,1,Room_1
2026-03-01 10:17:45.577405,98,23.81081195473189,61.907384412704374,1,Room_1
2026-03-01 10:18:45.577405,40,22.38514268782683,67.08684985575962,1,Room_1
2026-03-01 10:19:45.577405,7,29.018094102609435,49.91224011627322,0,Room_1
2026-03-01 10:20:45.577405,85,29.138419985117217,45.559905385861434,1,Room_1
2026-03-01 10:21:45.577405,54,26.250532164544474,65.14456550655774,1,Room_1
2026-03-01 10:22:45.577405,47,22.277362133811867,57.48420505250469,1,Room_1
2026-03-01 10:23:45.577405,63,28.31328677270985,57.200480369056535,1,Room_1
2026-03-01 10:24:45.577405,20,22.50912727429314,64.94120543157129,0,Room_1
2026-03-01 10:25:45.577405,66,25.90699703186351,62.1269724727848,1,Room_1
2026-03-01 10:26:45.577405,72,29.27701455549274,60.07600788814236,1,Room_1
2026-03-01 10:27:45.577405,80,22.517495148121053,68.67473451162257,1,Room_1
2026-03-01 10:28:45.577405,7,26.13957081404033,52.9128223096297,0,Room_1
2026-03-01 10:29:45.577405,75,29.285412635481116,53.932997086766285,1,Room_1
2026-03-01 10:30:45.577405,14,26.81538744812105,66.77569869864539,0,Room_1
2026-03-01 10:31:45.577405,92,23.36465529245672,68.44324960514327,1,Room_1
2026-03-01 10:32:45.577405,37,26.733577298450605,61.07901319256549,1,Room_1
2026-03-01 10:33:45.577405,3,27.41141089870714,43.95080315416116,0,Room_1
2026-03-01 10:34:45.577405,3,25.0760906211585,54.63001205863793,0,Room_1
2026-03-01 10:35:45.577405,85,24.101405140789215,48.14706294253119,1,Room_1
2026-03-01 10:36:45.577405,90,27.948751329412477,55.187981784856085,1,Room_1
2026-03-01 10:37:45.577405,86,25.25577527707411,66.74440046870521,1,Room_1
2026-03-01 10:38:45.577405,81,24.89482474564111,54.17480065019541,1,Room_1
2026-03-01 10:39:45.577405,89,29.259041317702774,47.16569981205783,1,Room_1
2026-03-01 10:40:45.577405,64,25.603722413262545,54.189140382865304,1,Room_1
2026-03-01 10:41:45.577405,98,23.56878170190714,58.323402132273046,1,Room_1
2026-03-01 10:42:45.577405,83,23.655940627507412,55.497178853379374,1,Room_1
2026-03-01 10:43:45.577405,48,22.0613122611938,46.57206427305573,1,Room_1
2026-03-01 10:44:45.577405,42,28.75139690089379,48.547240645928824,1,Room_1
2026-03-01 10:45:45.577405,38,28.420685436638504,57.16145930107902,1,Room_1
2026-03-01 10:46:45.577405,61,25.17437477669053,41.33163316512563,1,Room_1
2026-03-01 10:47:45.577405,8,28.533457403605745,48.53686905288693,0,Room_1
2026-03-01 10:48:45.577405,16,22.91070714781281,50.35669428405076,0,Room_1
2026-03-01 10:49:45.577405,38,26.59823643411532,40.890046691942196,1,Room_1
2026-03-01 10:50:45.577405,63,27.618070128253315,69.7845051699721,1,Room_1
2026-03-01 10:51:45.577405,76,29.435413555784912,44.956118180135505,1,Room_1
2026-03-01 10:52:45.577405,39,25.37462542831065,52.33063225796637,1,Room_1
2026-03-01 10:53:45.577405,71,27.367544037940064,47.745197625735074,1,Room_1
2026-03-01 10:54:45.577405,60,24.47498174290226,64.71371152663883,1,Room_1
2026-03-01 10:55:45.577405,91,28.569586260401813,40.046953155744184,1,Room_1
2026-03-01 10:56:45.577405,90,22.016830745407066,61.52716374194783,1,Room_1
2026-03-01 10:57:45.577405,46,22.47619760278217,58.113863588481635,1,Room_1
2026-03-01 10:58:45.577405,81,24.053553826480368,59.958763059341656,1,Room_1
2026-03-01 10:59:45.577405,32,25.649892071644338,51.071590652827496,1,Room_1
2026-03-01 11:00:45.577405,18,26.77057215088295,56.48750970166431,0,Room_1
2026-03-01 11:01:45.577405,96,25.233917837153673,49.632432912611506,1,Room_1
2026-03-01 11:02:45.577405,40,29.5338056929514,60.05717940168742,1,Room_1
2026-03-01 11:03:45.577405,73,24.89535992670292,57.80982373625615,1,Room_1
2026-03-01 11:04:45.577405,9,26.017228879695896,44.16613979189551,0,Room_1
2026-03-01 11:05:45.577405,72,26.900587746758553,66.21095780399035,1,Room_1
2026-03-01 11:06:45.577405,83,27.10301674130907,62.22943750823735,1,Room_1
2026-03-01 11:07:45.577405,92,22.5315507548462,56.019024176432914,1,Room_1
2026-03-01 11:08:45.577405,39,28.560101032954847,60.84647121027878,1,Room_1
2026-03-01 11:09:45.577405,11,24.36032566123325,54.58001481392809,0,Room_1
2026-03-01 11:10:45.577405,44,25.19494998715753,67.30403910346402,1,Room_1
2026-03-01 11:11:45.577405,61,26.469139171603402,50.29502059517975,1,Room_1
2026-03-01 11:12:45.577405,22,28.533785620468358,42.021536643565675,0,Room_1
2026-03-01 11:13:45.577405,20,27.5399426133538,52.897932321704445,0,Room_1
2026-03-01 11:14:45.577405,98,22.620917157851526,56.27603105596754,1,Room_1
2026-03-01 11:15:45.577405,29,25.571356131212656,63.951410215550574,0,Room_1
2026-03-01 11:16:45.577405,66,25.600986889455456,57.377990614615804,1,Room_1
2026-03-01 11:17:45.577405,40,25.44788176410637,49.566004549634165,1,Room_1
2026-03-01 11:18:45.577405,47,22.098477624128606,51.10157004022766,1,Room_1
2026-03-01 11:19:45.577405,99,25.143793802762332,55.774377966199715,1,Room_1
2026-03-01 11:20:45.577405,33,23.33488161359002,52.915880153866226,1,Room_1
2026-03-01 11:21:45.577405,67,22.358227604037346,62.85720460397246,1,Room_1
2026-03-01 11:22:45.577405,46,23.23567797778659,40.76343279717253,1,Room_1
2026-03-01 11:23:45.577405,59,25.031282224470516,40.201311709121796,1,Room_1
2026-03-01 11:24:45.577405,94,28.33376207409077,57.87966526550446,1,Room_1
2026-03-01 11:25:45.577405,37,28.77711591755028,55.93256034655728,1,Room_1
2026-03-01 11:26:45.577405,47,23.743140434039923,69.64107898466776,1,Room_1
2026-03-01 11:27:45.577405,64,22.8420734815761,45.02079199415884,1,Room_1
2026-03-01 11:28:45.577405,49,25.884717597275184,40.826101596083966,1,Room_1
2026-03-01 11:29:45.577405,58,26.255301652194106,44.07367141191811,1,Room_1
2026-03-01 11:30:45.577405,25,22.311968100599294,40.9286737275803,0,Room_1
2026-03-01 11:31:45.577405,63,25.313201794625815,51.86302803978743,1,Room_1
2026-03-01 11:32:45.577405,5,28.049708911601414,53.755690266456725,0,Room_1
2026-03-01 11:33:45.577405,29,23.04038226008911,65.06440709146983,0,Room_1
2026-03-01 11:34:45.577405,36,29.647350631642553,49.41900152132058,1,Room_1
2026-03-01 11:35:45.577405,86,25.553021705326014,69.84573919177964,1,Room_1
2026-03-01 11:36:45.577405,72,29.872105305683714,48.65216313456237,1,Room_1
2026-03-01 11:37:45.577405,46,23.21267434295904,40.928129341940256,1,Room_1
2026-03-01 11:38:45.577405,95,24.723096834036046,56.242228220427556,1,Room_1
2026-03-01 11:39:45.577405,36,25.82302758417794,55.967725934469286,1,Room_1
2026-03-01 11:40:45.577405,85,23.975259413340684,65.15647644708484,1,Room_1
2026-03-01 11:41:45.577405,2,24.41866599481195,47.780046919512834,0,Room_1
2026-03-01 11:42:45.577405,50,23.417367402174925,55.22339098359227,1,Room_1
2026-03-01 11:43:45.577405,20,29.731339086931257,56.73126478750132,0,Room_1
2026-03-01 11:44:45.577405,0,26.64374080794957,44.17590104037087,0,Room_1
2026-03-01 11:45:45.577405,98,23.204171933307308,64.50270790358584,1,Room_1
2026-03-01 11:46:45.577405,99,25.214230405234595,69.81545166699095,1,Room_1
2026-03-01 11:47:45.577405,81,26.98724766527552,57.08132083546848,1,Room_1
2026-03-01 11:48:45.577405,18,23.610496862579467,51.85413229792956,0,Room_1
2026-03-01 11:49:45.577405,27,28.820462255212426,61.326541500469574,0,Room_1
2026-03-01 11:50:45.577405,18,23.05897903227978,57.79043501081793,0,Room_1
2026-03-01 11:51:45.577405,97,27.777145883647247,56.001598862960876,1,Room_1
2026-03-01 11:52:45.577405,11,22.303852506318826,62.37580115881036,0,Room_1
2026-03-01 11:53:45.577405,91,22.46192841495339,60.42267678881457,1,Room_1
2026-03-01 11:54:45.577405,40,29.016724648145512,68.32126281476194,1,Room_1
2026-03-01 11:55:45.577405,16,29.592897144715522,55.387072484415924,0,Room_1
2026-03-01 11:56:45.577405,51,28.90838018011636,57.66194566393959,1,Room_1
2026-03-01 11:57:45.577405,99,24.28626844420696,46.09669273258262,1,Room_1
2026-03-01 11:58:45.577405,87,25.529789709242614,58.1726590941717,1,Room_1
2026-03-01 11:59:45.577405,63,25.938603840009456,57.31837087699394,1,Room_1
2026-03-01 12:00:45.577405,50,29.15562045459386,53.679378272798104,1,Room_1
2026-03-01 12:01:45.577405,91,28.620151376850423,62.93583383964153,1,Room_1
2026-03-01 12:02:45.577405,3,28.452714738610215,54.29450151334878,0,Room_1
2026-03-01 12:03:45.577405,72,22.475772550938245,40.095035457421055,1,Room_1
2026-03-01 12:04:45.577405,80,28.775750833656485,66.79270615586245,1,Room_1
2026-03-01 12:05:45.577405,18,24.495192640034244,47.68142695314863,0,Room_1
2026-03-01 12:06:45.577405,68,26.08345991203386,58.797775332796306,1,Room_1
2026-03-01 12:07:45.577405,30,27.87223810071445,62.87789184082526,0,Room_1
2026-03-01 12:08:45.577405,21,27.501776339444486,61.68120873094685,0,Room_1
2026-03-01 12:09:45.577405,53,26.2178094467184,58.97632329897483,1,Room_1
2026-03-01 12:10:45.577405,20,24.86972420333611,64.13311623038516,0,Room_1
2026-03-01 12:11:45.577405,23,27.864409518879945,55.85734329166591,0,Room_1
2026-03-01 12:12:45.577405,93,22.07090628090775,69.93462567045935,1,Room_1
2026-03-01 12:13:45.577405,7,29.957189132479982,42.69436462848322,0,Room_1
2026-03-01 12:14:45.577405,29,22.11452222133648,62.1360855568459,0,Room_1
2026-03-01 12:15:45.577405,24,27.063250645427473,42.07088622663549,0,Room_1
2026-03-01 12:16:45.577405,12,28.02742337805575,63.06768346322923,0,Room_1
2026-03-01 12:17:45.577405,72,28.12892746236469,65.37764319033197,1,Room_1
2026-03-01 12:18:45.577405,65,22.83523303798465,51.97300564221169,1,Room_1
2026-03-01 12:19:45.577405,33,22.62119467737284,52.22629093097292,1,Room_1
2026-03-01 12:20:45.577405,29,22.195987586141218,49.1841202263878,0,Room_1
2026-03-01 12:21:45.577405,71,22.88798479033052,64.24705630027667,1,Room_1
2026-03-01 12:22:45.577405,44,27.582050208587436,40.18266244719517,1,Room_1
2026-03-01 12:23:45.577405,82,26.18061279469396,48.98697033861622,1,Room_1
2026-03-01 12:24:45.577405,39,22.90345314148809,65.26223312195738,1,Room_1
2026-03-01 12:25:45.577405,15,25.826079073561786,44.35589538653981,0,Room_1
2026-03-01 12:26:45.577405,89,25.222986261061095,48.8587148214383,1,Room_1
2026-03-01 12:27:45.577405,33,24.24803599126971,64.10448229890653,1,Room_1
2026-03-01 12:28:45.577405,77,23.218636715716283,47.98504037546613,1,Room_1
2026-03-01 12:29:45.577405,92,26.666059939648925,65.26692239031844,1,Room_1
2026-03-01 12:30:45.577405,16,27.12380833740675,69.36943345524426,0,Room_1
2026-03-01 12:31:45.577405,20,23.717024586070423,52.48364284213277,0,Room_1
2026-03-01 12:32:45.577405,24,22.9833654277231,66.65977240796195,0,Room_1
2026-03-01 12:33:45.577405,22,28.93546774681507,53.61840544325071,0,Room_1
2026-03-01 12:34:45.577405,99,26.99827090231522,42.15327418679539,1,Room_1
2026-03-01 12:35:45.577405,31,26.21022768270562,53.895181502540254,1,Room_1
2026-03-01 12:36:45.577405,52,28.43166806042016,56.57502902223668,1,Room_1
2026-03-01 12:37:45.577405,62,22.95962954419112,67.50375072107005,1,Room_1
2026-03-01 12:38:45.577405,7,24.171275043573715,54.900862684538396,0,Room_1
2026-03-01 12:39:45.577405,77,29.055937357773086,64.71334270303495,1,Room_1
2026-03-01 12:40:45.577405,74,24.17237637928994,52.07339912301007,1,Room_1
2026-03-01 12:41:45.577405,56,22.001077544035883,55.3338741771169,1,Room_1
2026-03-01 12:42:45.577405,25,27.72030975080547,57.80457288927804,0,Room_1
2026-03-01 12:43:45.577405,80,22.501516972974926,65.18015477068008,1,Room_1
2026-03-01 12:44:45.577405,40,24.7229659704461,68.21345517208518,1,Room_1
2026-03-01 12:45:45.577405,63,24.530161197834452,43.056771641980404,1,Room_1
2026-03-01 12:46:45.577405,64,23.03943939628561,56.94953073025761,1,Room_1
2026-03-01 12:47:45.577405,33,24.506783340681146,63.66797415328021,1,Room_1
2026-03-01 12:48:45.577405,14,29.543870534528338,52.67153566552918,0,Room_1
2026-03-01 12:49:45.577405,69,25.018544431705543,68.92235249470325,1,Room_1
2026-03-01 12:50:45.577405,36,22.928181450785353,41.26875247668043,1,Room_1
2026-03-01 12:51:45.577405,28,25.101190443645176,58.98135636245803,0,Room_1
2026-03-01 12:52:45.577405,54,22.03490615720247,45.008592662415964,1,Room_1
2026-03-01 12:53:45.577405,20,29.00408981242093,45.48421709970701,0,Room_1
